month_date_key,product_key,units,sales_amount,rank_in_month,share_of_month
20240101,2,519,7706250.00,1,0.5954
20240101,1,440,5236200.00,2,0.4046
20250101,2,711,10612500.00,1,0.6364
20250101,1,509,6063000.00,2,0.3636
20250801,1,695,8251800.00,1,0.5305
20250801,2,494,7302750.00,2,0.4695
20240701,1,499,5878200.00,1,0.5321
20240701,2,351,5168250.00,2,0.4679
20250201,2,628,9275250.00,1,0.5282
20250201,1,699,8286000.00,2,0.4718
20240401,1,538,6426600.00,1,0.5196
20240401,2,400,5942250.00,2,0.4804
20250401,1,584,6933000.00,1,0.5027
20250401,2,462,6857250.00,2,0.4973
20241101,2,592,8473500.00,1,0.5574
20241101,1,589,6728400.00,2,0.4426
20250901,2,466,6899250.00,1,0.5136
20250901,1,552,6534000.00,2,0.4864
20240501,2,472,6738750.00,1,0.5065
20240501,1,570,6565800.00,2,0.4935
20240801,1,593,7026600.00,1,0.5787
20240801,2,344,5115750.00,2,0.4213
20240201,2,557,8199000.00,1,0.5503
20240201,1,569,6699000.00,2,0.4497
20250501,2,574,8250750.00,1,0.5189
20250501,1,674,7648800.00,2,0.4811
20250601,2,710,10428750.00,1,0.6060
20250601,1,579,6780000.00,2,0.3940
20240601,2,640,9489000.00,1,0.5924
20240601,1,550,6529800.00,2,0.4076
20240901,1,557,6618000.00,1,0.5479
20240901,2,365,5460750.00,2,0.4521
20250301,1,700,8277000.00,1,0.5117
20250301,2,532,7899750.00,2,0.4883
20250701,1,582,6884400.00,1,0.5799
20250701,2,339,4987500.00,2,0.4201
20241201,2,944,13854000.00,1,0.6009
20241201,1,781,9202200.00,2,0.3991
20240301,1,630,7401600.00,1,0.5331
20240301,2,438,6483750.00,2,0.4669
20241001,2,509,7572000.00,1,0.5124
20241001,1,608,7204200.00,2,0.4876
