mes,usuarios_activos,sesiones,sesiones_logueadas
20240101,424,4088,862
20240201,475,3905,894
20240301,526,4064,961
20240401,521,3755,971
20240501,571,4308,1052
20240601,625,4338,1162
20240701,625,3731,1086
20240801,651,3965,1155
20240901,677,4171,1213
20241001,728,4721,1435
20241101,769,5388,1482
20241201,913,6806,1834
20250101,876,5427,1614
20250201,882,5061,1598
20250301,936,5413,1720
20250401,955,4935,1684
20250501,1017,5734,1871
20250601,971,5269,1688
20250701,983,4796,1694
20250801,1029,5187,1855
20250901,1041,5301,1781
